法人名,住所,設立日,法人種別
カードアップ合同会社,北海道函館市富岡町３丁目４番１８号コーポトータス２号１０１,2026-08-17,合同会社
ポワール株式会社,北海道札幌市東区北三十七条東３０丁目１－５ミリオンパーク２－１０２号,2026-08-17,株式会社
双葉製菓株式会社,北海道旭川市神居二条６丁目１０３番地の３,2026-08-17,株式会社
合同会社きざはし,北海道北見市美山町南１丁目４番地２０３,2026-08-17,合同会社
合同会社テンコネクト,北海道亀田郡七飯町本町８丁目１７番２６号,2026-08-17,合同会社
合同会社ライフアップパートナーズ,北海道札幌市南区川沿七条２丁目２番１４号,2026-08-17,合同会社
合同会社ＦＩＤＥＬＩＡ,北海道苫小牧市拓勇東町２丁目４番１６号,2026-08-17,合同会社
合同会社ＳＵＺＵ,北海道石狩市緑苑台西一条１丁目１番地１０４,2026-08-17,合同会社
株式会社ネクスト８,北海道苫小牧市若草町１丁目３番地１４,2026-08-17,株式会社
株式会社ハナブサビルサービス,北海道札幌市清田区清田３３３番地１９１,2026-08-17,株式会社
株式会社レグルス,北海道札幌市中央区南七条西８丁目１番８－３０４号,2026-08-17,株式会社
株式会社達磨興業,北海道札幌市北区屯田六条９丁目５番１０号,2026-08-17,株式会社
株式会社ＣｕＲｉ８,北海道札幌市中央区北一条西３丁目３番地３３リープロビル３０２,2026-08-17,株式会社
株式会社ＧＳＡ,北海道札幌市豊平区中の島二条８丁目１番１４号ビッグバーンズマンション中の島１０６号室,2026-08-17,株式会社
株式会社Ｌｉｖｅ　Ｌｉｎｋ,北海道札幌市清田区北野五条４丁目１番８－１０６号,2026-08-17,株式会社
株式会社Ｒｏｏｔｓ,北海道札幌市北区屯田七条８丁目４番２２号,2026-08-17,株式会社
株式会社ＳＫＹ,北海道札幌市北区東茨戸四条１丁目８番１５号,2026-08-17,株式会社
株式会社Ｓｈａｗｓｈａｎｋ,北海道札幌市中央区南二条西５丁目３１―１ＲＭＢｌｄ．７０１,2026-08-17,株式会社
株式会社ａｄａｃｈｉ,北海道札幌市中央区北一条西３丁目３番地３３リープロビル３０２,2026-08-17,株式会社
Ｐｒｉｍｏ　Ｌａｂｓ株式会社,北海道札幌市東区北十八条東１５丁目３－１４ローゼルガーデン３０３室,2026-08-17,株式会社
株式会社うちまる,青森県八戸市南郷大字中野字丑木沢３９番地,2026-08-17,株式会社
株式会社山真,青森県五所川原市金木町嘉瀬雲雀野１４４番地３、２号室,2026-08-17,株式会社
株式会社天道,岩手県北上市鬼柳町宿８９番地１,2026-08-17,株式会社
株式会社Ｉｍａｎｅｃｔ,岩手県一関市萩荘字高梨南方１１４－４一関市研究開発プラザＣ号Ｉｍａｎｅｃｔ,2026-08-17,株式会社
一般社団法人こども薬膳サロン,宮城県宮城郡七ヶ浜町東宮浜字石堂９番１８,2026-08-17,その他の設立登記法人
合同会社菓子処くらこ,宮城県加美郡加美町宮崎字町５４番地,2026-08-17,合同会社
ＧＲＡＣＥ　ＣＯＲＥ株式会社,宮城県加美郡加美町字百目木三番１９番地４,2026-08-17,株式会社
Ｔ・Ｋ・Ｓ合同会社,宮城県塩竈市尾島町１７番３号,2026-08-17,合同会社
株式会社ソウケン設計事務所,山形県西村山郡河北町谷地字十二堂４２番地２,2026-08-17,株式会社
株式会社ＢＯＮＪＯＵ,山形県山形市七日町３丁目４番９号,2026-08-17,株式会社
一般社団法人會津人参振興協会,福島県河沼郡会津坂下町大字長井字新田東２６６番地,2026-08-17,その他の設立登記法人
合同会社Ａｕｔｈｅｎｔｉｃ　Ｂｅｙｏｎｄ,福島県耶麻郡西会津町野沢字与惣右エ門裏丙４９６‐２,2026-08-17,合同会社
小松会計株式会社,福島県郡山市細沼町２番４号,2026-08-17,株式会社
株式会社ムナカタ,福島県会津若松市東栄町１番４５号,2026-08-17,株式会社
株式会社七福,福島県白河市久田野城内１９番地,2026-08-17,株式会社
株式会社横山不動産鑑定事務所,福島県郡山市桑野１丁目５番１７号深谷ビルＢ棟２０１号,2026-08-17,株式会社
株式会社ＡＳＡＫＡ,福島県郡山市大槻町字下町１３２－５,2026-08-17,株式会社
株式会社ＤＥＮＮＯ,福島県喜多方市豊川町米室字サカリ４２２７番地１,2026-08-17,株式会社
株式会社Ｆ‐ＡＸＩＳ　ＨＯＬＤＩＮＧＳ,福島県相馬郡新地町駒ケ嶺字今神西１－２８,2026-08-17,株式会社
特定非営利活動法人福ふく,福島県須賀川市馬町２番地６,2026-08-17,その他の設立登記法人
ケイ・ケイ・エンタープライセス,茨城県筑西市宮後２２３７－３,2026-08-17,外国会社等
合同会社虹,茨城県鹿嶋市大字宮津台４７５５番地１２,2026-08-17,合同会社
合同会社鳥と青空,茨城県稲敷郡阿見町中央４丁目７番７号,2026-08-17,合同会社
合同会社ＨＢトレーダース,茨城県かすみがうら市下軽部１１８８－３,2026-08-17,合同会社
株式会社ｏｌａ　ｂｌｕｅ,茨城県鹿嶋市宮中１丁目８番２３号パレスオダ１０２,2026-08-17,株式会社
サンビル合同会社,群馬県高崎市上和田町１５番地,2026-08-17,合同会社
合同会社ＳＴ開発ラボ,群馬県邑楽郡邑楽町大字新中野１１８番地２,2026-08-17,合同会社
ｋｓｔｙｌｅ合同会社,群馬県太田市下田島町１２４３番地１４２,2026-08-17,合同会社
でん助工務店株式会社,埼玉県新座市北野３丁目８番２０号,2026-08-17,株式会社
シンライＢＳ株式会社,埼玉県川口市芝西２丁目２３番４号,2026-08-17,株式会社
デイクレスト合同会社,埼玉県羽生市大字下羽生２１１番地２,2026-08-17,合同会社
ヒロ資産管理株式会社,埼玉県白岡市小久喜１０１５番地７,2026-08-17,株式会社
労働者協同組合やぎのお茶会,埼玉県所沢市喜多町９番１２－４０１号プライマリーヴェ－ル航空公園,2026-08-17,その他の設立登記法人
合同会社Ｏｎｅｓホールディングス,埼玉県さいたま市大宮区浅間町２丁目４６番地浅間町ハウス２０４号,2026-08-17,合同会社
合同会社ＳＤ企画,埼玉県さいたま市南区南浦和１丁目１７番２１号Ｌｕｍｉｄｅｎｃｅ優１０２,2026-08-17,合同会社
幸和工業株式会社,埼玉県入間市下藤沢５丁目９番地１０－１０２,2026-08-17,株式会社
株式会社せいの,埼玉県草加市住吉２丁目１０番４９－３号,2026-08-17,株式会社
株式会社つなぐ,埼玉県さいたま市中央区上落合２丁目３番２号Ｍｉｏ新都心,2026-08-17,株式会社
株式会社なるハヤ,埼玉県川口市南鳩ヶ谷６丁目１５番７号,2026-08-17,株式会社
株式会社やおやす商店,埼玉県狭山市入間川１４７０番地の１８,2026-08-17,株式会社
株式会社エコ・フライヤー,埼玉県さいたま市桜区町谷４丁目３番６号,2026-08-17,株式会社
株式会社オートガーデン,埼玉県坂戸市大字片柳２２８０番地４,2026-08-17,株式会社
株式会社カノシマ工業,埼玉県大里郡寄居町大字桜沢２５４９番地５,2026-08-17,株式会社
株式会社シェアビジョン,埼玉県越谷市神明町１丁目１７２番地８,2026-08-17,株式会社
株式会社ダイキ,埼玉県さいたま市中央区上落合３丁目３番２１号,2026-08-17,株式会社
株式会社協立三美,埼玉県久喜市桜田５丁目１８番１０号,2026-08-17,株式会社
株式会社美粋,埼玉県吉川市大字平沼２２５番地２,2026-08-17,株式会社
株式会社蓮見工業,埼玉県北足立郡伊奈町本町２丁目２８８番地,2026-08-17,株式会社
株式会社西華,埼玉県さいたま市大宮区宮町４丁目２９番地１,2026-08-17,株式会社
株式会社１２５３,埼玉県富士見市鶴瀬東１丁目６番１５号３１３号室,2026-08-17,株式会社
株式会社ＡＩＯＮＩＳ,埼玉県川口市南鳩ヶ谷６丁目１８番１－４０９号フォルスコートグランマークス,2026-08-17,株式会社
株式会社ＡＩＳＥＡ,埼玉県川口市大字安行慈林７５４番地の２５,2026-08-17,株式会社
株式会社ＡＳＵＴＥＲＵ,埼玉県新座市東北２丁目３５番３号,2026-08-17,株式会社
株式会社Ｉｗａｍａｒｃｏ,埼玉県本庄市駅南１丁目９番１号３階,2026-08-17,株式会社
株式会社ＬＳビルマネジメント,埼玉県北足立郡伊奈町学園１丁目７０番地,2026-08-17,株式会社
株式会社ＬＵＷＥＮ　ＪＡＰＡＮ,埼玉県川口市西川口１丁目３０番２０－３１３室,2026-08-17,株式会社
株式会社Ｍｙ　Ｓｅｌｅｃｔ,埼玉県入間市大字野田１９３８番地１,2026-08-17,株式会社
株式会社ＴＳメディア,埼玉県富士見市関沢３丁目３４－２,2026-08-17,株式会社
株式会社ＺＥＮＴＲＡＤＥ,埼玉県富士見市針ケ谷２丁目１７－１,2026-08-17,株式会社
英建工株式会社,埼玉県ふじみ野市大井中央４丁目１０番２９号,2026-08-17,株式会社
Ａ＆Ｍ　ＭＡＴＥＲＩＡＬ　ＳＯＬＵＴＩＯＮＳ株式会社,埼玉県越谷市レイクタウン８丁目８番地３０９号,2026-08-17,株式会社
こどもの株式会社,千葉県市原市辰巳台東３丁目２０番地４,2026-08-17,株式会社
カインド不動産株式会社,千葉県八千代市八千代台東４丁目２１番２５号,2026-08-17,株式会社
パクチー電工株式会社,千葉県我孫子市柴崎台２丁目１－２４第２柴崎ハウス１０２,2026-08-17,株式会社
合同会社ＢＡコンサルティング,千葉県松戸市松戸新田４８０番地の４－２Ｆ,2026-08-17,合同会社
合同会社ＭＹコーポレーション,千葉県我孫子市我孫子２丁目６番６３１号,2026-08-17,合同会社
合同会社Ｒａｉｓｅ,千葉県柏市松ケ崎１１８９番地１０サンライン１０３号,2026-08-17,合同会社
合同会社ＶＩＴＡ,千葉県千葉市中央区長洲２丁目７番１６号,2026-08-17,合同会社
合同会社ＷＡＢＩＳＡＢＩ,千葉県千葉市美浜区真砂３丁目６番４号,2026-08-17,合同会社
合同会社ＹＭ工業,千葉県木更津市高柳９５８－１０,2026-08-17,合同会社
山天鋼建株式会社,千葉県袖ケ浦市神納１２７５番地１２アクア２０１号,2026-08-17,株式会社
株式会社ウルトライズ,千葉県千葉市中央区千葉港３－２５－１２０８,2026-08-17,株式会社
株式会社エンドー工務店,千葉県習志野市津田沼５丁目６番４号,2026-08-17,株式会社
株式会社ゲバラ,千葉県市川市行徳駅前２丁目２１番２２－１００９号,2026-08-17,株式会社
株式会社ホームコンシェルジュ,千葉県鎌ケ谷市新鎌ケ谷４丁目８番３６号平安メゾン２階,2026-08-17,株式会社
株式会社ミヤコシホールディングス,千葉県習志野市津田沼１丁目１３番５号,2026-08-17,株式会社
株式会社八幡園,千葉県市原市八幡９９６番地１３クイーンズレゾン八幡宿３０２号室,2026-08-17,株式会社
株式会社八文字,千葉県柏市千代田１丁目１番１４－２０５号,2026-08-17,株式会社
株式会社ＯＢ‐ｒｉｇｈｔ,千葉県船橋市本町４丁目１６番２９号三幸本町ビル３Ｆ,2026-08-17,株式会社
株式会社ＲＥ　Ｌｅｎｓ,千葉県鎌ケ谷市東中沢２丁目７番２－９号シェルガーデン・セリオ２６－２,2026-08-17,株式会社
株式会社ＴＭＣ,千葉県鎌ケ谷市北初富７番地４,2026-08-17,株式会社
株式会社ｉＲＯＮＩＸ,千葉県千葉市中央区村田町１１９５番地シーズガーデン浜野１５０１号,2026-08-17,株式会社
桜総業株式会社,千葉県野田市尾崎３６２番地の２５,2026-08-17,株式会社
館山ゴルフ倶楽部株式会社,千葉県館山市国分８０番地,2026-08-17,株式会社
Ａｒｋ　Ｏｎｅ株式会社,千葉県千葉市中央区花輪町１９番地２９,2026-08-17,株式会社
ＫＯＫＯＲＯ　ＰＡＲＴＳ株式会社,千葉県茂原市法目７８７番地２,2026-08-17,株式会社
Ｌ＆Ｔコンサルティング株式会社,千葉県松戸市根本７０番地の７,2026-08-17,株式会社
Ｒｅ　ｓｔｙｌｅ．ｌａｂ株式会社,千葉県市原市大厩１１１６,2026-08-17,株式会社
ＳＴＢ株式会社,千葉県市原市西広６丁目１８番地１３,2026-08-17,株式会社
ｈ２Ｌａｂｏ合同会社,千葉県柏市戸張９６０－９２,2026-08-17,合同会社
ｋｉｂａｃｏ合同会社,千葉県船橋市湊町２丁目１番１８号新堀ギタービル３Ｆ,2026-08-17,合同会社
いぬねこ日和株式会社,東京都港区芝浦３丁目１１－１キョウワクリエイト第一ビル２Ｆ,2026-08-17,株式会社
アクシスブリッジ株式会社,東京都新宿区新宿１丁目３６番２号新宿第七葉山ビル３階,2026-08-17,株式会社
アセットリオ合同会社,東京都新宿区南元町２０番地３－３１３号,2026-08-17,合同会社
アミリローズ合同会社,東京都葛飾区水元２丁目５番１０号,2026-08-17,合同会社
アルタム・コンサルティング合同会社,東京都豊島区東池袋２丁目５０番１３号ひすい研究会東池袋ビル６階,2026-08-17,合同会社
アルファストレージ株式会社,東京都新宿区西新宿８丁目３－３２カメールⅠ４０１,2026-08-17,株式会社
アルファリンク株式会社,東京都渋谷区道玄坂１丁目１０番８号渋谷道玄坂東急ビル２Ｆ－Ｃ,2026-08-17,株式会社
ウェルネスコンシェルジュジャパン株式会社,東京都渋谷区代官山町８－７、１Ｆ,2026-08-17,株式会社
エナジーキャピタル株式会社,東京都品川区西五反田２丁目４番２号,2026-08-17,株式会社
ソルジェンテ株式会社,東京都府中市是政５丁目７番１号,2026-08-17,株式会社
タイヘイネクスト株式会社,東京都江戸川区松江７丁目８番１０号,2026-08-17,株式会社
タイヘイフードテック株式会社,東京都江戸川区松江７丁目８番１０号,2026-08-17,株式会社
タイヘイメディアプロダクツ株式会社,東京都江戸川区松江７丁目８番１０号,2026-08-17,株式会社
トワアセット株式会社,東京都中野区本町３丁目２６－４５ＰＲＯＳＰＥＲＩＴＡ中野坂上２０２,2026-08-17,株式会社
ノッツファクタリング１号合同会社,東京都中央区八重洲１丁目４番１６号東京建物八重洲ビル３階株式会社ノッツ内,2026-08-17,合同会社
ハッピーサプライズ合同会社,東京都渋谷区神宮前６丁目２３番４号桑野ビル２階,2026-08-17,合同会社
バイシャジャラージャ合同会社,東京都世田谷区用賀４丁目２０番４号,2026-08-17,合同会社
フォローアップジャパン株式会社,東京都品川区西五反田１丁目３番８号五反田ＰＬＡＣＥ８階,2026-08-17,株式会社
ブランドベース株式会社,東京都新宿区西新宿６丁目５番１号新宿アイランドタワー２階,2026-08-17,株式会社
ホマレグラフ株式会社,東京都港区南青山２丁目２番１５号,2026-08-17,株式会社
ラココプロパティ株式会社,東京都大田区中馬込３丁目２０‐８ＲａｋｏＧｒａｃｅ馬込３０１,2026-08-17,株式会社
リック・キャピタル合同会社,東京都港区六本木６丁目１０番１号,2026-08-17,合同会社
リブレ合同会社,東京都大田区北千束１丁目２８番１２号,2026-08-17,合同会社
リュミエール株式会社,東京都中央区晴海５丁目６番７－３４０７号,2026-08-17,株式会社
レゾンＸ合同会社,東京都練馬区氷川台２丁目７番８号クロノス氷川台１階,2026-08-17,合同会社
一般社団法人あんしんライフ支援協会,東京都葛飾区四つ木５丁目８番１号,2026-08-17,その他の設立登記法人
一般社団法人クルーズ文化普及協会,東京都江東区有明１丁目４番１１－４２５号,2026-08-17,その他の設立登記法人
一般社団法人デジラボビューティ,東京都渋谷区道玄坂１丁目１０番８号渋谷道玄坂東急ビル２Ｆ－Ｃ,2026-08-17,その他の設立登記法人
一般社団法人吉祥寺会議,東京都武蔵野市吉祥寺本町１丁目３０番６－１０２号,2026-08-17,その他の設立登記法人
一般社団法人国際環境科学技術推進協会,東京都調布市多摩川７丁目６番７号,2026-08-17,その他の設立登記法人
一般社団法人誠仁会,東京都中野区本町４丁目２０番６号,2026-08-17,その他の設立登記法人
一般社団法人ＣＡＣＴＵＳ　ＨＯＵＳＥ,東京都港区南青山２丁目２－１５ＷｉｎＡｏｙａｍａビルＵＣＦ６階,2026-08-17,その他の設立登記法人
一般社団法人ＫＡＬＡＲＡの会,東京都墨田区業平３丁目１７番９－４０１号,2026-08-17,その他の設立登記法人
一般社団法人Ｌｏｃａｌ　Ｗｏｍａｎ’ｓ　Ｈｅａｌｔｈ　Ｌａｂ,東京都渋谷区東１丁目２６－２０東京建物東渋谷ビル４Ｆ,2026-08-17,その他の設立登記法人
中川コンツェルン株式会社,東京都中央区日本橋中洲２－３－２０５,2026-08-17,株式会社
京浜アセット株式会社,東京都品川区西五反田８丁目７番７－２０１号,2026-08-17,株式会社
合同会社はやし経営労務パートナーズ,東京都新宿区新宿２丁目１２番１３号新宿アントレサロンビル２階,2026-08-17,合同会社
合同会社ふらここ,東京都練馬区春日町６丁目１３番４０号,2026-08-17,合同会社
合同会社コネクロジ,東京都新宿区西新宿３丁目３番１３号西新宿水間ビル６階,2026-08-17,合同会社
合同会社サポート５０号,東京都千代田区丸の内１丁目４番１号東京共同会計事務所内,2026-08-17,合同会社
合同会社トリデンテ,東京都江戸川区東葛西２丁目３０番１８号,2026-08-17,合同会社
合同会社ナカガワ,東京都足立区保木間１丁目２８番１５号,2026-08-17,合同会社
合同会社フォーチュン,東京都世田谷区八幡山１丁目１６－１７ハイムなゆた２－１０３,2026-08-17,合同会社
合同会社プラチナブレイン,東京都千代田区神田神保町２丁目１０番地３１ＩＷビル１Ｆ,2026-08-17,合同会社
合同会社ポポポポーン,東京都新宿区西新宿７丁目１番７号ダイカンプラザＡ館５０２,2026-08-17,合同会社
合同会社ワンダーワールド,東京都品川区上大崎３丁目１４番３４号プラスワン４０２,2026-08-17,合同会社
合同会社ヴィラ石打再開発事業組合,東京都新宿区西新宿６丁目５番１号新宿アイランドタワー２階,2026-08-17,合同会社
合同会社巣鴨経営研究所,東京都豊島区巣鴨２丁目５番９号藤田マンション４０５号,2026-08-17,合同会社
合同会社新花,東京都世田谷区太子堂４丁目１８番１５号,2026-08-17,合同会社
合同会社每日ハウス,東京都江戸川区平井７丁目２番２６号,2026-08-17,合同会社
合同会社琉球グラビティ,東京都板橋区赤塚６丁目６－２,2026-08-17,合同会社
合同会社石井工業,東京都北区浮間３丁目８番７－２０２号,2026-08-17,合同会社
合同会社逸平,東京都新宿区新宿２丁目８番１５号パークフロント新宿２０２号室,2026-08-17,合同会社
合同会社２４Ｋｉ,東京都中央区銀座１丁目２２番１１号銀座大竹ビジデンス２Ｆ,2026-08-17,合同会社
合同会社ＡｉＲｉｓｅ,東京都世田谷区太子堂４丁目１８番１５号ＴＡＳＵＫＩＰＲＩＭＥＳＡＮＧＥＮＪＡＹＡ３Ｆ－３,2026-08-17,合同会社
合同会社ＡｉｄＷｅｌｌ,東京都新宿区西新宿３丁目３番１３号西新宿水間ビル６階,2026-08-17,合同会社
合同会社Ａｎｔｅｌｏｐｅ　Ｗｏｒｋｓ,東京都新宿区百人町１丁目３番２８号,2026-08-17,合同会社
合同会社ＨＵＩＴ,東京都中央区銀座１丁目１２番４号Ｎ＆Ｅ、ＢＬＤ．６Ｆ,2026-08-17,合同会社
合同会社ＨＵＭ　ＬＩＮＫＳ,東京都西東京市東伏見３丁目７番３－４０８号,2026-08-17,合同会社
合同会社ＩＲＩＥ　ＬＩＦＥ,東京都江戸川区北小岩７丁目１番７号,2026-08-17,合同会社
合同会社ＫＩＭＩＫＡ,東京都足立区足立３丁目３０番１４号,2026-08-17,合同会社
合同会社Ｌｕｍｅｒａｋｉ,東京都中央区日本橋室町１丁目１１番１２号日本橋水野ビル７階,2026-08-17,合同会社
合同会社Ｌｕｘ　Ｔｅｒｒａ,東京都東大和市高木３丁目３４７－３６,2026-08-17,合同会社
合同会社Ｍ１８‐Ｌａｂｏｒａｔｏｒｙ,東京都新宿区西新宿３丁目３番１３号西新宿水間ビル６階,2026-08-17,合同会社
合同会社ＭＩＲＡＩ,東京都中央区銀座１丁目１５番７号ＭＡＣ銀座ビル３階,2026-08-17,合同会社
合同会社ＭＫＭ,東京都中央区銀座１丁目２２番１１号銀座大竹ビジデンス２Ｆ,2026-08-17,合同会社
合同会社Ｍｉｎｄｓｈｉｆｔ　Ｐａｒｔｎｅｒｓ,東京都新宿区西新宿３丁目３番１３号西新宿水間ビル６階,2026-08-17,合同会社
合同会社Ｎｅｒｏ,東京都渋谷区代々木２丁目２６番５－２２３号,2026-08-17,合同会社
合同会社Ｎｏｍｅｃｏｙ,東京都中央区日本橋室町１丁目１１番１２号日本橋水野ビル７階,2026-08-17,合同会社
合同会社Ｏｎｃｌｙ,東京都中央区銀座１丁目１２番４号Ｎ＆ＥＢＬＤ．６Ｆ,2026-08-17,合同会社
合同会社Ｐｒｅｓｓｔｏｒｉｃａ,東京都渋谷区道玄坂１丁目１０番８号渋谷道玄坂東急ビル２Ｆ－Ｃ,2026-08-17,合同会社
合同会社ＳＦ５号,東京都千代田区丸の内１丁目４番１号東京共同会計事務所内,2026-08-17,合同会社
合同会社Ｔｒｉｐｌｅ　Ｅｉｇｈｔ,東京都中央区晴海５丁目６番３号,2026-08-17,合同会社
合同会社ＷＡＷＡＷＡ,東京都中央区銀座４丁目１４番７－９０１号,2026-08-17,合同会社
合同会社Ｙａｈａｔａ　ＡＩ,東京都千代田区神田和泉町１番地６－１６ヤマトビル４０５,2026-08-17,合同会社
合同会社ａ．ｍ．ｃｏｍｍｕｎｉｃａｔｉｏｎｓ,東京都渋谷区神宮前３丁目３５番７号ＪＭ３３５－Ｆｌａｔ１０１,2026-08-17,合同会社
合同会社ｔｔｗｏｒｋｓ,東京都豊島区東池袋２丁目６２番８号ＢＩＧオフィスプラザ池袋１２０６,2026-08-17,合同会社
名和株式会社,東京都中央区日本橋２丁目１６番４号ｒｅｍｉｘ日本橋６階,2026-08-17,株式会社
大矢行政書士法人,東京都港区芝大門２丁目９番１６号Ｄａｉｗａ芝大門ビル５階,2026-08-17,その他の設立登記法人
宏和株式会社,東京都豊島区西池袋４丁目１９番４号３０６室,2026-08-17,株式会社
弁護士法人ライトプレイス法律事務所,東京都新宿区矢来町４１ザ・フタガミハウス１２号室,2026-08-17,その他の設立登記法人
志生木一般社団法人,東京都千代田区丸の内１丁目４番１号東京共同会計事務所内,2026-08-17,その他の設立登記法人
日創トレーディング株式会社,東京都中央区日本橋蛎殻町２丁目１５番５号,2026-08-17,株式会社
杵築一般社団法人,東京都千代田区丸の内１丁目４番１号東京共同会計事務所内,2026-08-17,その他の設立登記法人
松溪商会合同会社,東京都中央区日本橋兜町９番５号,2026-08-17,合同会社
株式会社あまいろホールディングス,東京都千代田区紀尾井町３番６号,2026-08-17,株式会社
株式会社いち,東京都新宿区富久町２番１９号,2026-08-17,株式会社
株式会社いつゆう,東京都世田谷区千歳台１丁目１５番３号,2026-08-17,株式会社
株式会社ながかん,東京都豊島区南池袋１丁目１６番１５号ダイヤゲート池袋５Ｆ,2026-08-17,株式会社
株式会社アフロ,東京都渋谷区道玄坂１丁目１０番８号渋谷道玄坂東急ビル２Ｆ－Ｃ,2026-08-17,株式会社
株式会社エスフォース,東京都新宿区西新宿３丁目３番１３号西新宿水間ビル６階,2026-08-17,株式会社
株式会社エンロイド,東京都千代田区一番町６番地１ロイアル一番町Ａ－５０４号,2026-08-17,株式会社
株式会社カタナバイブス,東京都渋谷区本町４丁目１８番２号３０１,2026-08-17,株式会社
株式会社カンザイ商事,東京都千代田区丸の内１丁目１１番１号パシフィックセンチュリープレイス丸の内１３階,2026-08-17,株式会社
株式会社キャリバー,東京都中央区銀座１丁目２２番１１号銀座大竹ビジデンス２Ｆ,2026-08-17,株式会社
株式会社クラウドケアスタッフ,東京都渋谷区道玄坂１丁目１９番１４号ＣＯＥＲＵ渋谷道玄坂９Ｆ,2026-08-17,株式会社
株式会社グリーンマインド,東京都足立区竹の塚１丁目２８番１０号,2026-08-17,株式会社
株式会社ゲインライン・パートナーズ,東京都杉並区南荻窪２丁目１３番１５号,2026-08-17,株式会社
株式会社コノクニ,東京都千代田区鍛冶町２丁目７番１４号ＣＩＲＣＬＥＳ神田駅前６階,2026-08-17,株式会社
株式会社サンスリー,東京都新宿区西新宿３丁目３番１３号西新宿水間ビル６階,2026-08-17,株式会社
株式会社ティー・エヌ・ツー,東京都渋谷区代々木２丁目１３番４号新中央ビル６階,2026-08-17,株式会社
株式会社トキメル,東京都新宿区高田馬場２丁目８番２号コレタス高田馬場１２Ｆ,2026-08-17,株式会社
株式会社トランク,東京都中央区銀座１丁目２８－１５鈴木ビル４階,2026-08-17,株式会社
株式会社ネクストティタヌス,東京都新宿区新宿５丁目１１番１３号富士新宿ビル４階,2026-08-17,株式会社
株式会社ハコモノテクノロジーズ,東京都品川区西五反田８丁目４番１３号五反田ＪＰビルディング２Ｆ,2026-08-17,株式会社
株式会社フィットジャパン,東京都渋谷区千駄ヶ谷５丁目３４番７号ＮＸ新宿ビル８階,2026-08-17,株式会社
株式会社マジックボット,東京都千代田区神田神保町２丁目１０－３１ＩＷビル１Ｆ,2026-08-17,株式会社
株式会社モアップ,東京都新宿区新宿２丁目８番１５号パークフロント新宿２０２号室,2026-08-17,株式会社
株式会社モチコンサルティング,東京都品川区二葉２丁目１０番１２号,2026-08-17,株式会社
株式会社ヤナサ,東京都新宿区西新宿３丁目３番１３号西新宿水間ビル６階,2026-08-17,株式会社
株式会社リブート,東京都中央区月島１丁目１５－７パシフィックマークス月島６Ｆ,2026-08-17,株式会社
株式会社ルネル,東京都新宿区新宿２丁目８番１５－２０２号パークフロント新宿,2026-08-17,株式会社
株式会社丸与工芸,東京都渋谷区恵比寿４丁目２０番３号,2026-08-17,株式会社
株式会社佐野,東京都世田谷区下馬１丁目２１番８－４０５号,2026-08-17,株式会社
株式会社八建,東京都足立区神明３丁目２５番２号,2026-08-17,株式会社
株式会社刻跡,東京都世田谷区太子堂４丁目１８番１５号マガザン三軒茶屋２・３Ｆ－３,2026-08-17,株式会社
株式会社北野電気,東京都江東区東陽１丁目２７番３号北野ビル３０２,2026-08-17,株式会社
株式会社壱壱九,東京都新宿区新宿５丁目１８番２０号ルックハイツ８０３号,2026-08-17,株式会社
株式会社多紀,東京都中央区銀座６丁目１３番１６号銀座ＷａｌｌビルＵＣＦ５階,2026-08-17,株式会社
株式会社寺院典礼,東京都江戸川区東葛西５丁目１１番２第３木田ビル１０階,2026-08-17,株式会社
株式会社新開電設,東京都足立区皿沼１丁目１６番１７号,2026-08-17,株式会社
株式会社日本物流総研,東京都中央区日本橋室町１丁目１１番１２号日本橋水野ビル７階,2026-08-17,株式会社
株式会社竪穴式スタジオ,東京都新宿区新宿３丁目３番１３号新宿水間ビル６階,2026-08-17,株式会社
株式会社萬歳,東京都渋谷区代々木３丁目２９番４号ソレム天神２０５,2026-08-17,株式会社
株式会社裕,東京都東大和市桜が丘４丁目３０８番地の９,2026-08-17,株式会社
株式会社賢学館,東京都世田谷区祖師谷４丁目３４番５号,2026-08-17,株式会社
株式会社闘うおにぎりさん,東京都世田谷区野沢３丁目３１番５‐３０２号,2026-08-17,株式会社
株式会社須藤,東京都品川区旗の台５丁目１番４号,2026-08-17,株式会社
株式会社４０４Ｎｏｔ　Ｆｏｕｎｄ,東京都大田区大森北６丁目２２番３号ｔｒｉａｓ－６２２－１０１,2026-08-17,株式会社
株式会社８８８,東京都品川区東五反田１丁目１９－４－２０１,2026-08-17,株式会社
株式会社ＡＮＹＭＥ,東京都港区赤坂４丁目８－１９－３階,2026-08-17,株式会社
株式会社ＡＴＴＯ　ＣＯＦＦＥＥ,東京都新宿区四谷２丁目４番１号ＡＣＮ四谷ビル２階,2026-08-17,株式会社
株式会社ＡｅｒｏＴｒａｃｅ,東京都新宿区高田馬場３丁目１２番１号タイリクビル地下１階,2026-08-17,株式会社
株式会社Ａｎｄｙ,東京都世田谷区奥沢１丁目２２番２２号グランデュオ奥沢４０２,2026-08-17,株式会社
株式会社ＡｎｉＭＡ,東京都新宿区西新宿３丁目３番１３号西新宿水間ビル６階,2026-08-17,株式会社
株式会社ＡｒＫ　Ｇｌａｄｅ,東京都千代田区神田神保町２丁目１０番３１号ＩＷビル１Ｆ,2026-08-17,株式会社
株式会社ＡｘｉｏＭ,東京都新宿区西新宿３丁目３番１３号西新宿水間ビル２Ｆ,2026-08-17,株式会社
株式会社ＢＲＥＶＥＬ,東京都新宿区歌舞伎町２丁目３７番５号日新ビル５階,2026-08-17,株式会社
株式会社Ｃｏｃｏｏｎ,東京都新宿区西早稲田３丁目８番１－７０３,2026-08-17,株式会社
株式会社ＣｏｒｅＣｈａｉｎｓ,東京都新宿区西新宿７丁目４－７イマス浜田ビル５階,2026-08-17,株式会社
株式会社ＥＭＡ　ｈｏｍｅ,東京都目黒区東が丘２丁目１３番２８－３０３号,2026-08-17,株式会社
株式会社ＥｉＢ,東京都中央区日本橋本石町３丁目１番２号,2026-08-17,株式会社
株式会社ＥｉｇｈｔＥｎｄｅｒ,東京都豊島区東池袋２丁目６２番８号ＢＩＧオフィスプラザ池袋１２０６,2026-08-17,株式会社
株式会社Ｅｌｌｅ,東京都品川区大井１丁目３１番１号シティタワー大井町４２７号室,2026-08-17,株式会社
株式会社ＦＯＸＴＡＧＥ,東京都渋谷区千駄ヶ谷３丁目５１番１０号ＰＯＲＴＡＬＰＯＩＮＴＨＡＲＡＪＵＫＵ５０７,2026-08-17,株式会社
株式会社ＦｉｒｓｔＲｏｏｔ,東京都渋谷区代々木１丁目２５番５号ＢＩＺＳＭＡＲＴ代々木４３２号,2026-08-17,株式会社
株式会社Ｆｏｕｎｄｅｒｓ,東京都新宿区矢来町４－１１Ｆｕｌｌｅａ神楽坂１０２,2026-08-17,株式会社
株式会社ＧＡＭ,東京都品川区大崎３丁目７番１０号大崎ステーションレジデンス３１０３号室,2026-08-17,株式会社
株式会社ＧＬＡＮＺＩＡ,東京都新宿区新宿１丁目３６番２号新宿第七葉山ビル３階,2026-08-17,株式会社
株式会社ＧＭＣ,東京都渋谷区神宮前６丁目３４番１号,2026-08-17,株式会社
株式会社Ｇｒａｓｃｉａ,東京都新宿区西新宿７丁目５番８号ＧＯＷＡ西新宿５階,2026-08-17,株式会社
株式会社ＨＩＮＯＭＯＮ,東京都豊島区北大塚２丁目２３番３号,2026-08-17,株式会社
株式会社ＨＫコンサルティング,東京都品川区東大井２丁目１６番５号愛恩ガーデンハウス１,2026-08-17,株式会社
株式会社Ｈｕｍａｎｉｔｙ,東京都新宿区西新宿１丁目２６－２新宿野村ビル３２階,2026-08-17,株式会社
株式会社ＩＧＩ,東京都八王子市明神町４丁目７番３号やまとビル３階,2026-08-17,株式会社
株式会社ＩＲＯＰＬＥＮＡ,東京都あきる野市野辺９３８番地７,2026-08-17,株式会社
株式会社ＫＪ,東京都世田谷区太子堂４丁目１８番１５号マガザン三軒茶屋２－３Ｆ－３,2026-08-17,株式会社
株式会社ＫＭＴ,東京都品川区東五反田１丁目１２番５号秀栄ビル７階,2026-08-17,株式会社
株式会社ＫｅｙＬｉｎｋ,東京都品川区大井１丁目３１番１号シティタワー大井町４２７号室,2026-08-17,株式会社
株式会社ＬＣ　ＨＯＬＤＩＮＧＳ,東京都新宿区西新宿３丁目９番７号,2026-08-17,株式会社
株式会社ＬＥＶＡＮＳ,東京都新宿区西新宿３丁目３番１３号西新宿水間ビル２Ｆ,2026-08-17,株式会社
株式会社ＬＩＶＥＮＡ,東京都渋谷区神宮前６丁目２３番４号桑野ビル２階,2026-08-17,株式会社
株式会社ＬＵＡＮ,東京都青梅市師岡町３丁目２３番地の４ラークビルド２Ｆ,2026-08-17,株式会社
株式会社ＬＹＮＯＶＡ,東京都江東区木場３丁目１６－８レッタスビル４０１,2026-08-17,株式会社
株式会社Ｌｕｍｉｒｉａ,東京都中央区銀座６丁目１３番１６号銀座ＷａｌｌビルＵＣＦ５階,2026-08-17,株式会社
株式会社ＮＡＶＥＬ,東京都江戸川区西葛西６丁目８番７号,2026-08-17,株式会社
株式会社ＮＥＸＩＡＲ,東京都中央区銀座１丁目１２番４号Ｎ＆Ｅ・ＢＬＤ．６Ｆ,2026-08-17,株式会社
株式会社ＮＥＸＵＳ,東京都文京区本郷２丁目３０番７号２階ＨＢＳ－Ｄ－８号,2026-08-17,株式会社
株式会社Ｏ‐ＲＡ,東京都世田谷区北烏山３丁目１９番１号ミリオンコート烏山２０３,2026-08-17,株式会社
株式会社ＯＣＴＩＥ,東京都豊島区東池袋２丁目６２番８号ＢＩＧオフィスプラザ池袋１２０６,2026-08-17,株式会社
株式会社ＯＬＹ,東京都世田谷区上用賀１丁目１９番１２号ファーレ桜新町Ⅴ４０３,2026-08-17,株式会社
株式会社ＯＮＷＡＹ,東京都中央区八丁堀３丁目２番３号アーク銀座京橋,2026-08-17,株式会社
株式会社ＯｚＹ,東京都新宿区新宿５丁目１０番４号矢作ビル３階,2026-08-17,株式会社
株式会社ＰＡＮＤＯ,東京都豊島区東池袋２丁目６２番８号ＢＩＧオフィスプラザ池袋１２０６,2026-08-17,株式会社
株式会社ＰＩＴＢＵＩＬＤＥＲ,東京都世田谷区池尻３丁目１９番１０号,2026-08-17,株式会社
株式会社ＰＯＮ‐ＡＩ,東京都新宿区天神町６４番地プラスパービル２Ｆ,2026-08-17,株式会社
株式会社Ｒ‐ｌｉｎｋ　ｅｓｔａｔｅ,東京都調布市東つつじケ丘１丁目２番地４・ＯＧビル４０８号室,2026-08-17,株式会社
株式会社ＲＡＩＳＥ,東京都豊島区東池袋２丁目６２番８号ＢＩＧオフィスプラザ池袋１２０６,2026-08-17,株式会社
株式会社ＲＥＶＩＡＳ　ＰＡＲＴＮＥＲＳ,東京都新宿区高田馬場２丁目４番１５－６０８号,2026-08-17,株式会社
株式会社ＲＯＵＴＥ６６,東京都世田谷区駒沢３丁目２ー２１ー１０４,2026-08-17,株式会社
株式会社ＲＴＧ,東京都千代田区内神田２丁目４番４号ＭＥ内神田ビル３階,2026-08-17,株式会社
株式会社ＲＵＬＥ‐Ｘ,東京都豊島区西池袋３丁目２１番１３－１８０９号,2026-08-17,株式会社
株式会社ＲｅＩＧＮＩＴＥ,東京都世田谷区羽根木１丁目２１番８号,2026-08-17,株式会社
株式会社Ｒｕｂ　ａ　Ｄｕｂ,東京都世田谷区北沢２丁目２１番２号コートサカイ２０１,2026-08-17,株式会社
株式会社Ｓ　ｌｅｖｅｌ,東京都品川区西中延１丁目５番１号,2026-08-17,株式会社
株式会社ＳＱＵＡＴ,東京都国立市中１丁目１０番地の３１にっけん小野ビル２階,2026-08-17,株式会社
株式会社Ｓｃａｌａｒ　Ｒｅｍｅｄｙ,東京都渋谷区松濤１丁目１２番８号松涛ヒルトップハウス３０２,2026-08-17,株式会社
株式会社Ｔ＆Ｓｈｏ．Ｄｅｓｉｇｎ,東京都中央区銀座１丁目３－３Ｇ１ビル７階,2026-08-17,株式会社
株式会社ＴＲＵＳＴＯＮ,東京都新宿区北新宿１丁目１番４－１１０４号,2026-08-17,株式会社
株式会社ＴａｋｅＲｏｏｔ,東京都千代田区丸の内１丁目８番３号丸の内トラストタワー本館２０階,2026-08-17,株式会社
株式会社ＵＮＤＵ,東京都世田谷区太子堂４丁目１８番１５号ＴＡＳＵＫＩＰＲＩＭＥＳＡＮＧＥＮＪＡＹＡ３Ｆ－３,2026-08-17,株式会社
株式会社ＶＥＲＡ　Ｈｏｌｄｉｎｇｓ,東京都千代田区内幸町１丁目３番１号幸ビルディング９階,2026-08-17,株式会社
株式会社Ｗｉｔｈ　Ｄｏｇｓ,東京都渋谷区道玄坂１丁目１０番８号渋谷道玄坂東急ビル２Ｆ－Ｃ,2026-08-17,株式会社
株式会社ＺＯ,東京都新宿区歌舞伎町２丁目１０番８号ゆきざきビル２階,2026-08-17,株式会社
株式会社ｉｒｏｈａ,東京都世田谷区大原１丁目２２―７ｍｏｍｉｊｉ下北沢１０１,2026-08-17,株式会社
株式会社ｋｏａｌａ,東京都文京区小石川２丁目１１番１０号,2026-08-17,株式会社
株式会社ｓｐｉｎ　ｒｏｕｇｈ,東京都新宿区矢来町４番地１１Ｆｕｌｌｅａ神楽坂１０２,2026-08-17,株式会社
盛源合同会社,東京都板橋区舟渡２丁目２３番７号１０２室,2026-08-17,合同会社
結プランニングオフィス合同会社,東京都中央区銀座４丁目１４番１５号サントル銀座四丁目８０３号室,2026-08-17,合同会社
豊川電子ジャパン株式会社,東京都港区芝大門１丁目２番１４号Ｈ１Ｏ浜松町９２３号室,2026-08-17,株式会社
農事組合法人星空アグリ,東京都神津島村６９１番地２号棟,2026-08-17,その他の設立登記法人
ＡｉｒＴｒｕｎｋ　Ｊａｐａｎ　Ｉｎｖｅｓｔｍｅｎｔ１合同会社,東京都千代田区丸の内１丁目４番１号東京共同会計事務所内,2026-08-17,合同会社
ＡｉｒＴｒｕｎｋ　Ｊａｐａｎ　Ｉｎｖｅｓｔｍｅｎｔ２合同会社,東京都千代田区丸の内１丁目４番１号東京共同会計事務所内,2026-08-17,合同会社
Ａｍｕｌｅ　Ｄｉａｍｏｎｄｓ合同会社,東京都港区南青山４丁目１６番１１号Ｒ・ＳＱＵＡＲＥ南青山２０４号室,2026-08-17,合同会社
Ａｘｃｅｓ株式会社,東京都足立区綾瀬１丁目８番１２号１０１号室,2026-08-17,株式会社
Ｂ‐ｆｉｖｅ合同会社,東京都杉並区阿佐谷北６丁目２１番２４号ヴァージナル阿佐谷４０４,2026-08-17,合同会社
Ｃｏｒｄｉａ株式会社,東京都新宿区若松町８番８－４１０号,2026-08-17,株式会社
ＤＯＴＳ合同会社,東京都渋谷区道玄坂１丁目１０番８号渋谷道玄坂東急ビル２Ｆ－Ｃ,2026-08-17,合同会社
Ｄｅ　Ｐｌｕｓ合同会社,東京都練馬区谷原６丁目６番２０号,2026-08-17,合同会社
ＥＮ　Ｃｏｎｎｅｃｔ合同会社,東京都品川区上大崎３丁目１４番３４号プラスワン４０２,2026-08-17,合同会社
Ｅｎｅｒｇｙ　Ｍａｒｋｅｔ　Ｂｒｉｄｇｅ株式会社,東京都文京区関口１丁目３２番３－１３０３号,2026-08-17,株式会社
Ｆａｉｒｅｐｌａｃｅ　Ｃｏｎｓｕｌｔｉｎｇ株式会社,東京都新宿区新宿２丁目８番１５号パークフロント新宿２０２号室,2026-08-17,株式会社
Ｆｒｏｎｔｉｅｒ　ＡＩ　Ｐａｒｔｎｅｒｓ株式会社,東京都品川区上大崎２丁目１７－６千里馬ビル,2026-08-17,株式会社
ＧＲＯＯＶＹ　ＷＩＴＳ合同会社,東京都新宿区新宿１丁目３６番２号新宿第七葉山ビル３階,2026-08-17,合同会社
ＨＭＦデザイン合同会社,東京都千代田区神田須田町１丁目７番８号ＶＯＲＴ秋葉原Ⅳ２Ｆ,2026-08-17,合同会社
ＪＹＭＲＩ株式会社,東京都千代田区神田司町２丁目１３,2026-08-17,株式会社
Ｋ１合同会社,東京都世田谷区鎌田２丁目１５番２１号グリュック８二子玉川Ｗ．Ｗ．２０５,2026-08-17,合同会社
ＫＭＫＮＯＶＡ株式会社,東京都世田谷区新町３丁目６番１１号グランポート３０６,2026-08-17,株式会社
ＫＯＳＡ　Ｇｌｏｂａｌ合同会社,東京都新宿区大京町２８番地１,2026-08-17,合同会社
Ｋｉｎｏｖａ合同会社,東京都葛飾区東金町１丁目１９－１スペースワン東金町１０１号室,2026-08-17,合同会社
Ｌｕｘｅｎ　Ｄｅｖｅｌｏｐｍｅｎｔ株式会社,東京都新宿区信濃町１１番地２－２０４,2026-08-17,株式会社
ＭＥＬ株式会社,東京都渋谷区神宮前５丁目２９番１０号,2026-08-17,株式会社
ＭＩＫＫＯ株式会社,東京都新宿区新宿２丁目８番１５号パークフロント新宿２０２号室,2026-08-17,株式会社
Ｍａｐｌｅ　ＬｉｎＸ株式会社,東京都新宿区西新宿３丁目３番１３号西新宿水間ビル６階,2026-08-17,株式会社
ＮＳＨＤ株式会社,東京都文京区本駒込５丁目４番７号,2026-08-17,株式会社
Ｎｏｒｄｕｃｅ株式会社,東京都新宿区新宿２丁目８番１５号パークフロント新宿２０２号室,2026-08-17,株式会社
Ｏｐｅｎ　Ｂａｙ　Ｐａｒｔｎｅｒｓ合同会社,東京都中央区銀座１丁目１２番４号Ｎ＆ＥＢＬＤ．６Ｆ,2026-08-17,合同会社
ＯｐｔｉＳｉｇｎｓ　Ｊａｐａｎ株式会社,東京都千代田区丸の内２丁目２番１号岸本ビルヂング６Ｆ,2026-08-17,株式会社
ＰＵＲＥ　ＧＲＯＶＥ合同会社,東京都品川区南品川５丁目８番１３号,2026-08-17,合同会社
Ｒ＆Ａパートナーズ株式会社,東京都千代田区神田神保町３丁目１１番６号神保町ビル１０階,2026-08-17,株式会社
ＲＡＡ株式会社,東京都新宿区新宿２丁目８番１５号パークフロント新宿２０２号室,2026-08-17,株式会社
ＲＸサーマル株式会社,東京都渋谷区桜丘町２６番１号セルリアンタワー１５階,2026-08-17,株式会社
ＲｅＮｉ０７２７合同会社,東京都千代田区二番町９番３号Ｗ２１３,2026-08-17,合同会社
ＳＤＢ合同会社,東京都目黒区目黒４丁目４－２６中鉢コンパウンドＡ棟,2026-08-17,合同会社
ＳＯＬＥＲＡ株式会社,東京都新宿区新宿２丁目８番１５－２０２号パークフロント新宿,2026-08-17,株式会社
Ｔ・Ｋ・Ｎホールディングス株式会社,東京都世田谷区給田４丁目２０番２３号,2026-08-17,株式会社
ＴＮ合同会社,東京都中野区中野５丁目５７番９号第２三京ビル２０２号室,2026-08-17,合同会社
Ｔｈｅ　Ｆｒｅｓｈ　Ｆｒｕｉｔ　Ｃｏｍｐａｎｙ　ｏｆ　Ｎｅｗ　Ｚｅａｌａｎｄ　Ｌｉｍｉｔｅｄ　Ｊａｐａｎ合同会社,東京都渋谷区恵比寿１丁目５番９号ＳＧ恵比寿ビル２Ｆ,2026-08-17,合同会社
Ｔｒｙｖｏ株式会社,東京都世田谷区太子堂４丁目１８番１５号マガザン三軒茶屋２‐３Ｆ‐３,2026-08-17,株式会社
ＶＩ８合同会社,東京都新宿区新宿２丁目１２番１６号セントフォービル９階,2026-08-17,合同会社
Ｗｅｌｌ　Ｂｏｄｙ　Ｃａｒｅｅｒ株式会社,東京都港区南青山３丁目５番２号南青山第一韮澤ビル２Ｃ,2026-08-17,株式会社
ＷｉｎｄＰｒｏｐｅｒｔｙ合同会社,東京都練馬区大泉学園町３丁目１７番１４号,2026-08-17,合同会社
ＸＥＮＡ株式会社,東京都渋谷区恵比寿４丁目２０番３号恵比寿ガーデンプレイスタワー３７階,2026-08-17,株式会社
ＹＥＳ株式会社,東京都新宿区大久保１丁目１４番７号プレシェード新宿１０６,2026-08-17,株式会社
ＹｅｎＳｅｎｓｅ株式会社,東京都世田谷区太子堂４丁目１８番１５号,2026-08-17,株式会社
ｃｏｍｐａｓｓｉｏｎ　ｃｏｎｓｕｌｔｉｎｇ株式会社,東京都新宿区新宿１丁目９番地４号中公ビル御苑グリーンハイツ６０１,2026-08-17,株式会社
ｅｐｉｃａ株式会社,東京都台東区入谷２丁目６番７－７０２号オープンブルーム入谷Ｅａｓｔ,2026-08-17,株式会社
ｉｒｏｉｒｏｉｒｏ合同会社,東京都新宿区西新宿３丁目３番１３号西新宿水間ビル６階,2026-08-17,合同会社
ｏｔｔｏＥｎ株式会社,東京都新宿区高田馬場２丁目１９番８号藤村ビル１０３,2026-08-17,株式会社
ジェー・シー・エス神奈川株式会社,神奈川県相模原市中央区淵野辺本町３丁目１８番１３号,2026-08-17,株式会社
パルセア合同会社,神奈川県相模原市中央区淵野辺４丁目３３－２－２０３,2026-08-17,合同会社
マルカコーポレーション株式会社,神奈川県横浜市鶴見区尻手１丁目１－１６－１４０５,2026-08-17,株式会社
一般社団法人北里大学外科同窓会,神奈川県相模原市南区北里１丁目１５番１号,2026-08-17,その他の設立登記法人
合同会社柱商店,神奈川県鎌倉市材木座５丁目８番３０号,2026-08-17,合同会社
合同会社ＤＣバトン,神奈川県横浜市南区六ツ川３丁目８５番地６横浜パークタウンＦ棟１１０８号室,2026-08-17,合同会社
有限会社大国水産,神奈川県川崎市高津区溝口２丁目２４番２４号,2026-08-17,有限会社
株式会社ジェイズアイ,神奈川県横浜市鶴見区馬場１丁目１４番１－２号,2026-08-17,株式会社
株式会社ゼノアクロス,神奈川県横浜市港南区最戸１丁目１３番２０－１１８号,2026-08-17,株式会社
株式会社トクシル,神奈川県足柄下郡真鶴町真鶴２８７－５,2026-08-17,株式会社
株式会社レプロライフ,神奈川県横浜市中区相生町１丁目１５番地第二東商ビル４Ｃ,2026-08-17,株式会社
株式会社心晴・心満,神奈川県横浜市保土ケ谷区桜ケ丘２丁目３８番２０号,2026-08-17,株式会社
株式会社秀ｉｓｍ,神奈川県大和市南林間８丁目１７番１４号,2026-08-17,株式会社
株式会社Ｂｉｌｌｙ　Ｂｕｔｔｏｎ,神奈川県横浜市中区真砂町４丁目４３番地木下商事ビル７階,2026-08-17,株式会社
株式会社Ｂｌｉｓｓ,神奈川県横浜市青葉区青葉台１丁目５－４青葉台サンクスビル３Ｆ,2026-08-17,株式会社
株式会社Ｆｉｃｔｕｒｅ,神奈川県横浜市西区浅間町１丁目４番地３ウィザードビル４０２,2026-08-17,株式会社
ＣＡＬＩＢＵＲＮ　ＪＡＰＡＮ株式会社,神奈川県川崎市川崎区小田栄２丁目２番２－７１０号,2026-08-17,株式会社
ＮＫカンパニー株式会社,神奈川県横浜市都筑区北山田５丁目２番１０号,2026-08-17,株式会社
有限会社二見清掃,新潟県佐渡市橘５６７番地,2026-08-17,有限会社
株式会社はっち,新潟県新潟市中央区古町通９番町１４７７番地２,2026-08-17,株式会社
株式会社オールワン,新潟県新潟市西区寺尾台２丁目７番４３号６,2026-08-17,株式会社
株式会社魚沼関農場,新潟県魚沼市岡新田３６６番地３,2026-08-17,株式会社
株式会社Ｎｉｉｇａｔａ　Ｆｏｏｄ　Ｌａｂ,新潟県新潟市秋葉区草水町３丁目６番７号,2026-08-17,株式会社
株式会社Ｎｉｍｔｙ,新潟県長岡市滝谷町１９０５番地１,2026-08-17,株式会社
合同会社ＦＬＡＴ,石川県金沢市増泉１丁目８番６号ミルフィーユⅠ・２０１号,2026-08-17,合同会社
合同会社ＷＯＲＬＤＢＡＳＥ２９１,福井県福井市志津が丘４丁目１２６番地,2026-08-17,合同会社
Ｔｒｕｎｋ　Ｗｏｒｋ合同会社,福井県坂井市春江町定重第６号１６番地１,2026-08-17,合同会社
むすび株式会社,山梨県甲府市丸の内２丁目２番１号ＣＲＯＳＳ５００・１階,2026-08-17,株式会社
一般財団法人山梨もしも財団,山梨県中巨摩郡昭和町西条２３０７番地１０,2026-08-17,その他の設立登記法人
合同会社ｗａｘ,山梨県都留市十日市場１５２２番地１,2026-08-17,合同会社
株式会社アンドアールデザイン,山梨県富士吉田市向原４丁目７番６号,2026-08-17,株式会社
株式会社山宝園,山梨県南巨摩郡富士川町最勝寺１８１５番地,2026-08-17,株式会社
株式会社２３２３ＦＡＲＭ,山梨県南巨摩郡富士川町最勝寺１８１５番地,2026-08-17,株式会社
株式会社Ｌｕｍｉｎｏｕｓ,山梨県南巨摩郡富士川町最勝寺１８１５番地,2026-08-17,株式会社
特定非営利活動法人日本全国登山支援連合会,山梨県南都留郡忍野村忍草３２４７番地１,2026-08-17,その他の設立登記法人
綿貫ホールディングス株式会社,山梨県中央市上三條５１１番地１,2026-08-17,株式会社
一般社団法人Ｂｅｉｎｇ　ｍｅ,長野県長野市檀田２丁目３７番１６号,2026-08-17,その他の設立登記法人
株式会社わかた,長野県東筑摩郡朝日村大字西洗馬７０２番地イ,2026-08-17,株式会社
株式会社ＦＲＡＮＣＨＩＣ　ＴＯＫＹＯ,長野県上田市大屋４８０－１、２階,2026-08-17,株式会社
合同会社メイズ,岐阜県各務原市鵜沼各務原町４丁目３０６番地２（イルクオーレＢ２０１）,2026-08-17,合同会社
株式会社ウィル・サポート,岐阜県羽島市足近町南宿１９９番地,2026-08-17,株式会社
株式会社末広八起,岐阜県岐阜市太郎丸中島１０７番地１,2026-08-17,株式会社
株式会社ＥｉｇｈｔＰｌｕｓ,岐阜県岐阜市茜部菱野１丁目５４,2026-08-17,株式会社
株式会社Ｆａｍｉｌｉａ　Ｇｒａｎｄｅ,岐阜県大垣市赤坂町３４１１番地２,2026-08-17,株式会社
Ｙ‐Ｌｉｎｋａｇｅ合同会社,岐阜県美濃市２６５８番地３５号,2026-08-17,合同会社
合同会社ＣＬＫ,静岡県静岡市清水区草薙１丁目２６番４７号ロイヤルシャトー草薙５０１,2026-08-17,合同会社
合同会社ａｎｄｗｉｔｈ,静岡県静岡市清水区八木間町４０２‐２,2026-08-17,合同会社
株式会社塗装のみかた,静岡県浜松市中央区山手町１３番２３－１０３号,2026-08-17,株式会社
株式会社大道Ｃｏｍｐａｎｙ,静岡県浜松市中央区三島町１４５４番地の１プレミアスレジデンス３０２,2026-08-17,株式会社
株式会社Ｅｎｓｏ　Ｂｏｔａｎｉｃａ,静岡県磐田市大久保２３３番４,2026-08-17,株式会社
株式会社Ｋｎｏｔ,静岡県浜松市中央区泉３丁目９番４３号１Ｆ,2026-08-17,株式会社
Ａｘｉｓ　Ｈｏｓｐｉｔａｌｉｔｙ＆Ｅｖｅｎｔｓ株式会社,静岡県浜松市中央区菅原町１３番１７－８０２号,2026-08-17,株式会社
アポロン修復合同会社,愛知県名古屋市中村区名駅４丁目２４番地の５第２森ビル４０１,2026-08-17,合同会社
一般社団法人中古電動自転車流通協会,愛知県名古屋市中川区下之一色町字浪花１１１番地丸二四ハイツ３０２,2026-08-17,その他の設立登記法人
一般社団法人鶴舞・千種エリアマネジメント,愛知県名古屋市千種区千種２丁目１６番１３号イオンタウン千種,2026-08-17,その他の設立登記法人
一般社団法人ａｎｏｎｅ．,愛知県名古屋市緑区小坂１丁目９０４番地－８０２,2026-08-17,その他の設立登記法人
合同会社たつみ,愛知県海部郡大治町大字中島字大門先１４２‐８,2026-08-17,合同会社
合同会社千葉製作所,愛知県弥富市平島町五反割８５―１ラヴァーズＤ１０１,2026-08-17,合同会社
合同会社ＪＣＳ,愛知県名古屋市名東区上社３丁目１８０７番地の２ＳＡＮ上社３０１,2026-08-17,合同会社
合同会社ＬＩＦＩＸ,愛知県弥富市鯏浦町上本田５０番地１サニーコート１０２号,2026-08-17,合同会社
合同会社ａｉｇｏｈｕｂ,愛知県知多郡阿久比町陽なたの丘４丁目６番地,2026-08-17,合同会社
合格塾株式会社,愛知県名古屋市中村区名駅３丁目１番１６号,2026-08-17,株式会社
株式会社イッセイ堂,愛知県名古屋市東区白壁４丁目９３番地ファヴォール白壁２０３号,2026-08-17,株式会社
株式会社レトマーレ,愛知県名古屋市中村区大秋町２丁目８０番地,2026-08-17,株式会社
株式会社丸肥工務店,愛知県常滑市金山字仏供田２６番地,2026-08-17,株式会社
株式会社東海防除,愛知県名古屋市中川区運河通１丁目１０４ＣｒｏｓｓＲｏａｄＳａｓａｓｈｉｍａＬｉｖｅ４０１,2026-08-17,株式会社
株式会社総合アドホールディングス,愛知県名古屋市中区栄４丁目１４番５号松下中日ビル７Ｆ,2026-08-17,株式会社
株式会社見田,愛知県名古屋市南区豊田４丁目５番２０号,2026-08-17,株式会社
株式会社Ａ・Ｙ,愛知県春日井市松河戸町５丁目２番地１９,2026-08-17,株式会社
株式会社ＡＩＫＩホールディングス,愛知県稲沢市井之口小番戸町３９番地,2026-08-17,株式会社
株式会社ＥＩＧＨＴ,愛知県名古屋市熱田区沢上１丁目６番３７号,2026-08-17,株式会社
株式会社Ｋ．ＡＮＣＨＯＲ,愛知県名古屋市西区大野木３丁目１００番地レジオン庄内緑地公園７０２号,2026-08-17,株式会社
株式会社Ｒａｙｓ,愛知県名古屋市中川区上脇町２丁目５３番地フェニーコート１０５号,2026-08-17,株式会社
３１９株式会社,愛知県名古屋市瑞穂区瑞穂通２丁目２番地の２サニーストン瑞穂９０１号,2026-08-17,株式会社
ＣＬＡＲＩＳ株式会社,愛知県名古屋市北区大杉町４丁目５２番地３,2026-08-17,株式会社
ＲＩＧＳ合同会社,愛知県海部郡蟹江町八幡１丁目３番地,2026-08-17,合同会社
ＴＨＩＲＴＥＥＮ株式会社,愛知県日進市赤池町下田８７,2026-08-17,株式会社
エムアール合同会社,三重県名張市桔梗が丘３番町三街区１番地,2026-08-17,合同会社
合同会社木耀,三重県四日市市室山町１３１,2026-08-17,合同会社
株式会社ムーン・クイーン,三重県志摩市阿児町鵜方３０６１－２２７，花菱ビル２０３,2026-08-17,株式会社
株式会社拓商,三重県伊賀市東高倉２２６４番地の７,2026-08-17,株式会社
株式会社ＨＫＳ,三重県桑名市大字桑部５７３番地,2026-08-17,株式会社
ｓｕｎｓｉｘ　ｃｏｒｐｏｒａｔｉｏｎ株式会社,三重県松阪市久保町１８８１番地８５,2026-08-17,株式会社
しが輪業合同会社,滋賀県大津市桜野町１丁目９番１３号,2026-08-17,合同会社
合同会社八田物流サービス,滋賀県大津市大平２丁目４番２６号,2026-08-17,合同会社
合同会社ＫｅｙＯｎｅ,滋賀県草津市南草津プリムタウン２丁目４番地３,2026-08-17,合同会社
合同会社ＹＡ．ｓｔｕｄｉｏ,滋賀県大津市穴太１丁目４番３号サニーハイツ２０２,2026-08-17,合同会社
合同会社ａｒｔ,滋賀県犬上郡多賀町大字多賀１５５９番地２４,2026-08-17,合同会社
株式会社トライフーズ,滋賀県犬上郡豊郷町大字三ツ池１１２番地７,2026-08-17,株式会社
株式会社ブルーオーシャンマネジメント,滋賀県栗東市出庭４４１－１,2026-08-17,株式会社
株式会社天統管工,滋賀県彦根市野瀬町４３７番地,2026-08-17,株式会社
株式会社ＥＬＡＮ,滋賀県野洲市吉川３８９２番地,2026-08-17,株式会社
株式会社ＴＡＯ　Ｈｅａｌｔｈ　Ｐｌａｎｎｉｎｇ,滋賀県大津市唐崎３丁目１２番１２号,2026-08-17,株式会社
Ｔｋｙ合同会社,滋賀県米原市宇賀野３１番地３２,2026-08-17,合同会社
合同会社二輪草舎,京都府京都市下京区七条通油小路東入大黒町２２７番地第２キョートビル４０２,2026-08-17,合同会社
東京ホールディングス株式会社,京都府京都市中京区丸太町通室町東入道場町３番地６,2026-08-17,株式会社
株式会社いろはにけんと,京都府京都市上京区大宮通丸太町上る一町目８４２,2026-08-17,株式会社
株式会社ヤマシン,京都府京都市右京区太秦多藪町１４－１１カプチーノ太秦２０３,2026-08-17,株式会社
株式会社蜻蛉社,京都府木津川市梅美台６丁目１９－２,2026-08-17,株式会社
株式会社Ａｒｃ　Ｂａｓｅ,京都府京都市右京区北嵯峨山王町１４番地２,2026-08-17,株式会社
株式会社ＨＯＮＥＹ　ＢＥＥ,京都府京都市中京区寺町通二条上る要法寺前町７１７番地１,2026-08-17,株式会社
株式会社Ｐｈｏｅｎｉｘ　ｔｅｒｒａｃｅ,京都府京都市西京区大原野上里北ノ町７５４番地,2026-08-17,株式会社
みどり中央税理士法人,大阪府大阪市中央区谷町１丁目３番２３号大手前愛晃ビル４０４号,2026-08-17,その他の設立登記法人
グリムシード株式会社,大阪府大阪市北区梅田１丁目１番３号大阪駅前第３ビル１１階２号室,2026-08-17,株式会社
ピカソ株式会社,大阪府吹田市芳野町１４番３３号,2026-08-17,株式会社
ベリファス株式会社,大阪府大阪市住吉区千躰２丁目６番１５号ＲＥＩＳＥＨＯＢＢＹ０１,2026-08-17,株式会社
一般社団法人大起水産グループの会,大阪府堺市堺区北三国ヶ丘町４丁３番２４号,2026-08-17,その他の設立登記法人
一般社団法人日本ハイボール協会,大阪府大阪市北区梅田１丁目２番２号大阪駅前第２ビル１２－１２,2026-08-17,その他の設立登記法人
一般社団法人日本心育文化機構,大阪府大阪市西淀川区佃６丁目９番３９号,2026-08-17,その他の設立登記法人
一般社団法人ｍｉｌｌｓ　ｍｕｓｉｃ＆ａｒｃｈ,大阪府大阪市中央区久太郎町２丁目５－１８宝ビル３７号,2026-08-17,その他の設立登記法人
中原金属株式会社,大阪府大阪市中央区南船場４丁目１０番５号南船場ＳＯＨＯビル７０２,2026-08-17,株式会社
合同会社かなめ,大阪府豊中市柴原町２丁目８番１１号パークサイド田中２号館５０１号室,2026-08-17,合同会社
合同会社どれみ,大阪府高槻市富田町５丁目２５番２５号,2026-08-17,合同会社
合同会社オフィス・バランス,大阪府八尾市二俣２丁目２６９番地,2026-08-17,合同会社
合同会社ネクストリンク,大阪府大阪市北区梅田１丁目２番２号大阪駅前第２ビル１２－１２,2026-08-17,合同会社
合同会社ハピネス,大阪府枚方市楠葉丘１丁目７０番２０－１０２号,2026-08-17,合同会社
合同会社メジャーカップ,大阪府大阪市北区天神橋４丁目１０番２２号,2026-08-17,合同会社
合同会社６６５,大阪府河内長野市原町４丁目８番１号２０１,2026-08-17,合同会社
合同会社ＢＵＮ・ＥＩ,大阪府八尾市垣内３丁目９２,2026-08-17,合同会社
合同会社ＢａＹ　Ｆｏｏｄｓ,大阪府東大阪市高井田西４丁目５番１８号,2026-08-17,合同会社
合同会社ＮＡＯ,大阪府池田市神田１丁目３１－１８,2026-08-17,合同会社
合同会社ｈｉｒａｋｕ,大阪府大阪市北区梅田１丁目１番３号大阪駅前第３ビル１１階２号室,2026-08-17,合同会社
宇成株式会社,大阪府大阪市淀川区新北野２丁目４番２３－８１９号,2026-08-17,株式会社
山王ホールディングス株式会社,大阪府大阪市浪速区難波中２丁目１番２０号,2026-08-17,株式会社
弁護士法人ライトハート,大阪府大阪市中央区天満橋京町１－１京阪ビルディング西館４階４３７号,2026-08-17,その他の設立登記法人
弥愛株式会社,大阪府富田林市桜井町１丁目１２番２５号,2026-08-17,株式会社
株式会社ひだまりパートーナーズ,大阪府豊中市利倉東２丁目１７番８号,2026-08-17,株式会社
株式会社アスロープ,大阪府豊中市千成町１丁目１番１９号,2026-08-17,株式会社
株式会社アルファ,大阪府堺市堺区向陵中町１丁８番地１１号２０３,2026-08-17,株式会社
株式会社エクシア,大阪府大阪市福島区福島７丁目１６番２４号,2026-08-17,株式会社
株式会社スカイブリッジ,大阪府大阪市西区北堀江１丁目５番２号６階Ｂ,2026-08-17,株式会社
株式会社スリーピース,大阪府大阪市中央区淡路町４丁目３番５号４階,2026-08-17,株式会社
株式会社リタライズ,大阪府大阪市城東区蒲生２丁目３番３０号アリタビル京橋２階１０２号室,2026-08-17,株式会社
株式会社三三七拍子,大阪府大阪市天王寺区烏ケ辻１丁目１番５号,2026-08-17,株式会社
株式会社住良建設,大阪府大阪市西区北堀江１丁目２番２７号－９０３,2026-08-17,株式会社
株式会社共栄建設,大阪府大阪市福島区海老江４丁目３番６号大喜ビル４０２,2026-08-17,株式会社
株式会社双葉総研,大阪府大阪市北区西天満６丁目２番１４号マッセ梅田ビル２号館１００７号,2026-08-17,株式会社
株式会社大阪ベース,大阪府大阪市鶴見区放出東１丁目６番１８号,2026-08-17,株式会社
株式会社成艶,大阪府大阪市住之江区御崎５丁目１５番２３号,2026-08-17,株式会社
株式会社祇園白川,大阪府大阪市北区茶屋町８番２１－８０２号,2026-08-17,株式会社
株式会社近畿綜合,大阪府豊中市東豊中町２丁目７番４４号,2026-08-17,株式会社
株式会社Ａ＆Ｍ　Ｎｅｘｕｓ　Ｈｏｌｄｉｎｇｓ,大阪府大阪市城東区鴫野西１丁目１５番９号,2026-08-17,株式会社
株式会社ＡＩＭＥ　ＣＵＯＲＥ,大阪府大阪市淀川区木川東４丁目１１番１－５０１号,2026-08-17,株式会社
株式会社Ａｍｉｅ,大阪府大阪市西成区岸里３丁目３番１２号,2026-08-17,株式会社
株式会社ＣＶＯ,大阪府大阪市中央区日本橋２丁目１５番４－４０６号,2026-08-17,株式会社
株式会社Ｄａｙｌｉｇｈｔ　Ｄｅｓｉｇｎ,大阪府大阪市都島区東野田町３丁目１０－１４世界一レジャービル３階,2026-08-17,株式会社
株式会社ＥＯＴＯＥ,大阪府四條畷市雁屋南町４番１１号ラルゴＫＡＮＯＮ２０１,2026-08-17,株式会社
株式会社ＦＯＲＴＵＮＡ,大阪府大阪市北区西天満３丁目１番２０号２階,2026-08-17,株式会社
株式会社ＨＩＶＥ　ＷＯＲＫＳ,大阪府大阪市西成区天下茶屋３丁目２５番１２－１０２号,2026-08-17,株式会社
株式会社Ｈａｒｕｋａ,大阪府大阪市東住吉区山坂５丁目１９番２８号,2026-08-17,株式会社
株式会社ＩＯＲＡＧＲＯＵＰ,大阪府柏原市田辺２丁目１１番１号,2026-08-17,株式会社
株式会社Ｉｎｆｉｎｉｔｙ,大阪府大阪市西区江戸堀３丁目２番２７－１００４号,2026-08-17,株式会社
株式会社ＪＳＳ,大阪府大阪市天王寺区四天王寺１丁目５番２２‐５０５号,2026-08-17,株式会社
株式会社ＫＳ　ＣＡＰＩＴＡＬ,大阪府大阪市淀川区西中島４丁目１１番１８号,2026-08-17,株式会社
株式会社Ｌｅｇｅｎｄ,大阪府守口市寺方本通１丁目６番３１号,2026-08-17,株式会社
株式会社ＭＳＮＴＥＫ,大阪府大阪市西成区南開２丁目４番１６号,2026-08-17,株式会社
株式会社ＭＹロジ,大阪府堺市堺区少林寺町西２丁２番２９号,2026-08-17,株式会社
株式会社Ｎｏｒｎ,大阪府大阪市浪速区湊町２丁目２番５号,2026-08-17,株式会社
株式会社Ｒｅｂｒｅａｔｈｅ,大阪府大阪市中央区南船場４丁目１０番５－７０３号,2026-08-17,株式会社
株式会社ＹＢ　Ｃａｐｉｔａｌ,大阪府大阪市北区梅田２丁目２番２号ヒルトンプラザウエスト１９階,2026-08-17,株式会社
株式会社ｉｒｏｄｏｒｉ,大阪府豊中市西緑丘３丁目１１番２号,2026-08-17,株式会社
特定非営利活動法人Ｐｒｅｃｉｏｕｓ　Ｏｎｅ　Ｐｒｏｊｅｃｔ,大阪府高槻市南平台５丁目３８番８号,2026-08-17,その他の設立登記法人
長谷川電設株式会社,大阪府大阪市平野区平野市町１丁目８番７号,2026-08-17,株式会社
ＡＲＫ　Ａｓｓｅｔ　Ｍａｎａｇｅｍｅｎｔ株式会社,大阪府大阪市中央区内本町２丁目３番８号,2026-08-17,株式会社
ＮＡ　Ａｓｓｅｔ　Ｍａｎａｇｅｍｅｎｔ合同会社,大阪府大阪市中央区備後町１丁目６番１号,2026-08-17,合同会社
ＮＰＭ株式会社,大阪府大阪市西区立売堀６丁目２番３号レインボーコート立売堀６０１号,2026-08-17,株式会社
Ｔｏｍｏｎａｕ株式会社,大阪府大阪市西区京町堀１丁目１７番１６号,2026-08-17,株式会社
Ｕ　ＴＥＣ株式会社,大阪府大阪市中央区中寺１丁目２－２６－４０２室,2026-08-17,株式会社
ｋｅｓｅｒａ株式会社,大阪府大阪市淀川区木川東４丁目９番８－３０３号,2026-08-17,株式会社
さんだＰｒｏｐｅｒｔｙＭａｎａｇｅｍｅｎｔ株式会社,兵庫県三田市大原７１２番地８－３－Ｃ,2026-08-17,株式会社
トキトキ堂合同会社,兵庫県尼崎市下坂部１丁目９番１０－３０６号,2026-08-17,合同会社
一般社団法人コミュニティライフ推進委員会,兵庫県明石市二見町西二見８９－７兵庫二見ビル１０５,2026-08-17,その他の設立登記法人
一般社団法人Ａ‐ＦＬＡＧ,兵庫県神戸市垂水区清玄町６６３番１３３,2026-08-17,その他の設立登記法人
井進プランテックス株式会社,兵庫県姫路市別所町別所９３１番地,2026-08-17,株式会社
合同会社しっぽ,兵庫県尼崎市戸ノ内町６丁目１０番４号,2026-08-17,合同会社
合同会社アドマイヤ,兵庫県神戸市長田区鶯町１丁目６番１０－１号,2026-08-17,合同会社
合同会社ハッピーテンちゃん,兵庫県姫路市広畑区西蒲田９７０,2026-08-17,合同会社
合同会社唯都,兵庫県西宮市鳴尾町３丁目１７番１０号,2026-08-17,合同会社
合同会社萬歳,兵庫県丹波市柏原町柏原２４８－５,2026-08-17,合同会社
合同会社ＦＬＯＷ,兵庫県神戸市中央区磯上通８丁目１番２９号カサベラビルＣ＆Ｍ４０３号室,2026-08-17,合同会社
合同会社Ｒｉｔａ,兵庫県加古川市野口町坂元北５丁目６番地,2026-08-17,合同会社
庭政株式会社,兵庫県川西市けやき坂４丁目２８番地の１,2026-08-17,株式会社
株式会社オプティマビルマネジメント,兵庫県神戸市兵庫区荒田町３丁目６０番３号,2026-08-17,株式会社
株式会社タカクラス,兵庫県神戸市垂水区舞子台２丁目７番１７号,2026-08-17,株式会社
株式会社ナカハラ,兵庫県神戸市垂水区泉が丘１丁目５番１６垂水建設ビル３０１号,2026-08-17,株式会社
株式会社暁梨,兵庫県尼崎市昭和通２丁目６番６８号,2026-08-17,株式会社
株式会社東電工,兵庫県加古郡稲美町国北２丁目３４番地,2026-08-17,株式会社
株式会社ＡＬＰＳ　ＢＥＳＳ　ＧＲＩＤ,兵庫県神戸市中央区橘通１丁目１番１２号行政ビル３０３号室,2026-08-17,株式会社
株式会社ＨＡＬＵ,兵庫県尼崎市塚口本町５丁目４－１,2026-08-17,株式会社
株式会社ＫＩＥＩ,兵庫県明石市大久保町八木５０５番地の２,2026-08-17,株式会社
株式会社ＳＥＡＷＥＥＤ　ＨＯＵＳＥ,兵庫県明石市林３丁目１番２８号,2026-08-17,株式会社
株式会社Ｖ＆Ｊ,兵庫県姫路市四郷町見野１０１５番地４,2026-08-17,株式会社
株式会社ｍｕｎｉ,兵庫県西宮市西平町２番４０号,2026-08-17,株式会社
株式会社ｓｏｒｅｎａ,兵庫県明石市野々上１丁目８－２２,2026-08-17,株式会社
花のみち税理士法人,兵庫県宝塚市売布東の町１６番３号東宝塚ビル５０１号室,2026-08-17,その他の設立登記法人
塚田金融株式会社,兵庫県姫路市船橋町３丁目１番地,2026-08-17,株式会社
Ｎａｇａｎｉ　Ｊａｐａｎ合同会社,兵庫県明石市本町２丁目１－２９みなとメゾン明石本町２Ｆ－２４,2026-08-17,合同会社
ＷＩＳＨホールディングス株式会社,兵庫県西宮市大屋町２９番１３－６０１号,2026-08-17,株式会社
合同会社ライチェ,奈良県橿原市地黄町６２－１ファミール１－２０３,2026-08-17,合同会社
株式会社Ｐｌｕｇ,奈良県橿原市十市町１００４番地の１,2026-08-17,株式会社
住作株式会社,和歌山県有田郡湯浅町大字湯浅７６２番地の２,2026-08-17,株式会社
株式会社Ｌｉｂｇａｇｅ,和歌山県和歌山市美園町５丁目６番１３号,2026-08-17,株式会社
株式会社ｂｒｉｇｈｔ　ｆｕｔｕｒｅ,和歌山県和歌山市善明寺７６番地１,2026-08-17,株式会社
合同会社エトワークス,島根県出雲市上塩冶町２６４５‐１,2026-08-17,合同会社
株式会社海士ＢＡＳＥ,島根県隠岐郡海士町大字宇受賀１０番地,2026-08-17,株式会社
アシタバ電業株式会社,岡山県都窪郡早島町早島９９６番地３５,2026-08-17,株式会社
合同会社グリーンオーブ,岡山県津山市林田２３６‐１８,2026-08-17,合同会社
株式会社二宗工務店,岡山県岡山市北区大安寺東町２５番１３号,2026-08-17,株式会社
株式会社貢献グループ,岡山県倉敷市児島赤崎３丁目９番２４号,2026-08-17,株式会社
株式会社ＣＡＲＴＯＰ　ＨＤ,岡山県岡山市南区青江６丁目３番８号,2026-08-17,株式会社
Ｉｎｃｒｅａｓｅ　Ｄｅｓｉｇｎ株式会社,岡山県岡山市北区下石井１丁目１番１７号２０７号室,2026-08-17,株式会社
合同会社タラレバ,広島県広島市佐伯区楽々園５丁目９番１５－１４０５号,2026-08-17,合同会社
一般社団法人データドリブンスポーツ協会,徳島県吉野川市鴨島町鴨島２５２番地１,2026-08-17,その他の設立登記法人
合同会社ＭＩＫＯＹＡ,徳島県徳島市川内町平石住吉１０３－１,2026-08-17,合同会社
合同会社福穂,愛媛県東温市田窪１３２８番地１,2026-08-17,合同会社
合同会社ＧＭ,福岡県那珂川市仲１丁目１１番地１０２号,2026-08-17,合同会社
合同会社ＮＯＶＡ,福岡県春日市日の出町１丁目１－１３,2026-08-17,合同会社
合同会社ＲＩＳＯＵ,福岡県宗像市赤間１丁目８番１１号,2026-08-17,合同会社
合同会社Ｒｅｆｒａｍｅ,福岡県福岡市博多区博多駅前１丁目２３番２号ＰａｒｋＦｒｏｎｔ博多駅前１丁目５Ｆ－Ｂ,2026-08-17,合同会社
有限会社大城食品,福岡県福岡市博多区住吉５丁目１１番４号,2026-08-17,有限会社
株式会社みらい,福岡県大牟田市船津町１丁目８番地３,2026-08-17,株式会社
株式会社スタジオ８スタッフ,福岡県京都郡みやこ町国作２番地１,2026-08-17,株式会社
株式会社中林キャピタル,福岡県福岡市博多区半道橋２丁目２番５号,2026-08-17,株式会社
株式会社ＦＳ　ＲＹＡＮ　ＳＯＦＴＷＡＲＥ,福岡県福岡市中央区薬院４丁目１４番１号,2026-08-17,株式会社
株式会社Ｋｒｏｎｏｓ,福岡県福岡市中央区大手門２丁目２－３０,2026-08-17,株式会社
株式会社Ｎｏｍｉビル,福岡県福岡市中央区大手門２丁目２－３０,2026-08-17,株式会社
株式会社ＲＶＬｅｎｔｅｒｔａｉｎｍｅｎｔ,福岡県福岡市東区舞松原２丁目２番７号,2026-08-17,株式会社
株式会社Ｗｉｓｔｅｒｉａ　Ｃｒｅｓｔ,福岡県福岡市中央区天神２丁目２番１２号Ｔ＆Ｊビルディング７Ｆ,2026-08-17,株式会社
株式会社ＹＧ　ＦＵＫ,福岡県福岡市中央区笹丘３丁目２０番５号,2026-08-17,株式会社
株式会社ｍｏｍｏｔｅｃｈ,福岡県福岡市早良区百道１丁目２－２２－１０１,2026-08-17,株式会社
Ｇｒｏｗｔｈ　Ｄｅｓｉｇｎ株式会社,福岡県福岡市中央区大名１丁目８番７号,2026-08-17,株式会社
合同会社ライズ,熊本県玉名市築地２００４番地４,2026-08-17,合同会社
株式会社ＷＩＴＨ　ＦＡＲＭ,熊本県八代市郡築十一番町８１番地２,2026-08-17,株式会社
株式会社ダックス,大分県日田市南元町２０番１８号キヨトキビル１０１,2026-08-17,株式会社
ＯＭＧ株式会社,大分県大分市古国府１丁目２番１号,2026-08-17,株式会社
合同会社りんく,宮崎県宮崎市吉村町江田原甲１８７番地１１,2026-08-17,合同会社
合同会社千也,宮崎県都城市山之口町花木２３０１番地４１,2026-08-17,合同会社
合同会社ＤＡＩＫＵエステート,宮崎県都城市南鷹尾町２０街区１７の４号,2026-08-17,合同会社
合同会社ＫＩＴＷＯＲＫＳ,宮崎県宮崎市大字新名爪１０８２番地２,2026-08-17,合同会社
株式会社カラクリオ,宮崎県都城市横市町９８４１－１,2026-08-17,株式会社
株式会社八千代水産,鹿児島県熊毛郡中種子町坂井６１０９番地７,2026-08-17,株式会社
株式会社空想科学テクノロジー,鹿児島県鹿児島市東千石町８番２６号,2026-08-17,株式会社
株式会社Ａｇｒｉ　ＭｉＮｏＲｕ,鹿児島県大島郡天城町大字西阿木名５３２番地,2026-08-17,株式会社
ＫＩＨＡＲＡホールディングス株式会社,鹿児島県薩摩川内市若松町２番８号,2026-08-17,株式会社
ＴＡＪＩＭＡ　ＣＯＭＰＡＳＳＩＯＮ　ＨＯＬＤＩＮＧＳ株式会社,鹿児島県いちき串木野市西薩町１６番地３,2026-08-17,株式会社
一般社団法人にじいろ創成会,沖縄県南城市大里字大城２５５７番地２５,2026-08-17,その他の設立登記法人
株式会社金城ホールディングス,沖縄県那覇市辻２丁目８番２１号,2026-08-17,株式会社
